{"cameraMode":{"drawMode":0,"name":"Shaded","section":"Shading Mode"},"sceneLighting":true,"audioPlay":false,"sceneViewState":{"showFog":false,"showMaterialUpdate":false,"showSkybox":true,"showFlares":true,"showImageEffects":true,"showParticleSystems":true},"in2DMode":false,"pivot":{"x":9.98862075805664,"y":10.228633880615235,"z":36.20979690551758},"rotation":{"x":0.17945758998394013,"y":0.24360035359859467,"z":-0.04590894281864166,"w":0.9520357251167297},"size":82.74894714355469,"orthographic":false}