{"cameraMode":{"drawMode":0,"name":"Shaded","section":"Shading Mode"},"sceneLighting":false,"audioPlay":false,"sceneViewState":{"showFog":false,"showMaterialUpdate":false,"showSkybox":false,"showFlares":true,"showImageEffects":true,"showParticleSystems":true},"in2DMode":false,"pivot":{"x":-1.3925859928131104,"y":1.0652828216552735,"z":-1.3305943012237549},"rotation":{"x":0.2166500687599182,"y":0.08918382972478867,"z":-0.019869783893227578,"w":0.9719772934913635},"size":1.8058969974517823,"orthographic":false}